browser-actors-moz-build.patch - browser/actors/moz.build
browser-app-profile-firefox-js.patch - browser/app/profile/firefox.js
browser-base-content-aboutDialog-js.patch - browser/base/content/aboutDialog.js
browser-base-content-aboutDialog-xhtml.patch - browser/base/content/aboutDialog.xhtml
browser-base-content-browser-context-inc.patch - browser/base/content/browser-context.inc
browser-base-content-browser-data-submission-info-bar-js.patch - browser/base/content/browser-data-submission-info-bar.js
browser-base-content-browser-menubar-inc.patch - browser/base/content/browser-menubar.inc
browser-base-content-browser-pageActions-js.patch - browser/base/content/browser-pageActions.js
browser-base-content-browser-sidebar-js.patch - browser/base/content/browser-sidebar.js
browser-base-content-browser-siteIdentity-js.patch - browser/base/content/browser-siteIdentity.js
browser-base-content-browser-sync-js.patch - browser/base/content/browser-sync.js
browser-base-content-browser-css.patch - browser/base/content/browser.css
browser-base-content-browser-js.patch - browser/base/content/browser.js
browser-base-content-browser-xhtml.patch - browser/base/content/browser.xhtml
browser-base-content-certerror-aboutNetError-xhtml.patch - browser/base/content/certerror/aboutNetError.xhtml
browser-base-content-nsContextMenu-js.patch - browser/base/content/nsContextMenu.js
browser-base-jar-mn.patch - browser/base/jar.mn
browser-base-moz-build.patch - browser/base/moz.build
browser-components-BrowserGlue-jsm.patch - browser/components/BrowserGlue.jsm
browser-components-about-AboutRedirector-cpp.patch - browser/components/about/AboutRedirector.cpp
browser-components-controlcenter-content-identityPanel-inc-xhtml.patch - browser/components/controlcenter/content/identityPanel.inc.xhtml
browser-components-customizableui-CustomizableUI-jsm.patch - browser/components/customizableui/CustomizableUI.jsm
browser-components-customizableui-CustomizeMode-jsm.patch - browser/components/customizableui/CustomizeMode.jsm
browser-components-extensions-ExtensionPopups-jsm.patch - browser/components/extensions/ExtensionPopups.jsm
browser-components-extensions-parent-ext-sidebarAction-js.patch - browser/components/extensions/parent/ext-sidebarAction.js
browser-components-moz-build.patch - browser/components/moz.build
browser-components-newtab-aboutwelcome-AboutWelcomeParent-jsm.patch - browser/components/newtab/aboutwelcome/AboutWelcomeParent.jsm
browser-components-newtab-aboutwelcome-lib-AboutWelcomeDefaults-jsm.patch - browser/components/newtab/aboutwelcome/lib/AboutWelcomeDefaults.jsm
browser-components-newtab-content-src-aboutwelcome-aboutwelcome-jsx.patch - browser/components/newtab/content-src/aboutwelcome/aboutwelcome.jsx
browser-components-preferences-moz-build.patch - browser/components/preferences/moz.build
browser-components-search-content-searchbar-js.patch - browser/components/search/content/searchbar.js
browser-components-sessionstore-content-aboutSessionRestore-xhtml.patch - browser/components/sessionstore/content/aboutSessionRestore.xhtml
browser-components-urlbar-UrlbarInput-jsm.patch - browser/components/urlbar/UrlbarInput.jsm
browser-components-urlbar-UrlbarView-jsm.patch - browser/components/urlbar/UrlbarView.jsm
browser-confvars-sh.patch - browser/confvars.sh
browser-extensions-moz-build.patch - browser/extensions/moz.build
browser-modules-PageActions-jsm.patch - browser/modules/PageActions.jsm
browser-modules-ThemeVariableMap-jsm.patch - browser/modules/ThemeVariableMap.jsm
browser-themes-addons-jar-mn.patch - browser/themes/addons/jar.mn
browser-themes-linux-browser-css.patch - browser/themes/linux/browser.css
browser-themes-osx-browser-css.patch - browser/themes/osx/browser.css
browser-themes-shared-browser-inc-css.patch - browser/themes/shared/browser.inc.css
browser-themes-shared-contextmenu-inc-css.patch - browser/themes/shared/contextmenu.inc.css
browser-themes-shared-customizableui-panelUI-inc-css.patch - browser/themes/shared/customizableui/panelUI.inc.css
browser-themes-shared-downloads-downloads-svg.patch - browser/themes/shared/downloads/downloads.svg
browser-themes-shared-error-pages-css.patch - browser/themes/shared/error-pages.css
browser-themes-shared-fxa-avatar-empty-svg.patch - browser/themes/shared/fxa/avatar-empty.svg
browser-themes-shared-fxa-avatar-svg.patch - browser/themes/shared/fxa/avatar.svg
browser-themes-shared-icons-back-12-svg.patch - browser/themes/shared/icons/back-12.svg
browser-themes-shared-icons-back-svg.patch - browser/themes/shared/icons/back.svg
browser-themes-shared-icons-bookmark-12-svg.patch - browser/themes/shared/icons/bookmark-12.svg
browser-themes-shared-icons-bookmark-hollow-svg.patch - browser/themes/shared/icons/bookmark-hollow.svg
browser-themes-shared-icons-bookmark-star-on-tray-svg.patch - browser/themes/shared/icons/bookmark-star-on-tray.svg
browser-themes-shared-icons-bookmark-svg.patch - browser/themes/shared/icons/bookmark.svg
browser-themes-shared-icons-bookmarks-toolbar-svg.patch - browser/themes/shared/icons/bookmarks-toolbar.svg
browser-themes-shared-icons-characterEncoding-svg.patch - browser/themes/shared/icons/characterEncoding.svg
browser-themes-shared-icons-customize-svg.patch - browser/themes/shared/icons/customize.svg
browser-themes-shared-icons-developer-svg.patch - browser/themes/shared/icons/developer.svg
browser-themes-shared-icons-device-desktop-svg.patch - browser/themes/shared/icons/device-desktop.svg
browser-themes-shared-icons-device-phone-svg.patch - browser/themes/shared/icons/device-phone.svg
browser-themes-shared-icons-device-tablet-svg.patch - browser/themes/shared/icons/device-tablet.svg
browser-themes-shared-icons-device-tv-svg.patch - browser/themes/shared/icons/device-tv.svg
browser-themes-shared-icons-edit-copy-svg.patch - browser/themes/shared/icons/edit-copy.svg
browser-themes-shared-icons-edit-cut-svg.patch - browser/themes/shared/icons/edit-cut.svg
browser-themes-shared-icons-edit-paste-svg.patch - browser/themes/shared/icons/edit-paste.svg
browser-themes-shared-icons-forget-svg.patch - browser/themes/shared/icons/forget.svg
browser-themes-shared-icons-forward-svg.patch - browser/themes/shared/icons/forward.svg
browser-themes-shared-icons-fullscreen-exit-svg.patch - browser/themes/shared/icons/fullscreen-exit.svg
browser-themes-shared-icons-fullscreen-svg.patch - browser/themes/shared/icons/fullscreen.svg
browser-themes-shared-icons-history-svg.patch - browser/themes/shared/icons/history.svg
browser-themes-shared-icons-home-svg.patch - browser/themes/shared/icons/home.svg
browser-themes-shared-icons-import-export-svg.patch - browser/themes/shared/icons/import-export.svg
browser-themes-shared-icons-import-svg.patch - browser/themes/shared/icons/import.svg
browser-themes-shared-icons-indicator-private-browsing-svg.patch - browser/themes/shared/icons/indicator-private-browsing.svg
browser-themes-shared-icons-link-svg.patch - browser/themes/shared/icons/link.svg
browser-themes-shared-icons-login-svg.patch - browser/themes/shared/icons/login.svg
browser-themes-shared-icons-logo-android-svg.patch - browser/themes/shared/icons/logo-android.svg
browser-themes-shared-icons-logo-ios-svg.patch - browser/themes/shared/icons/logo-ios.svg
browser-themes-shared-icons-mail-svg.patch - browser/themes/shared/icons/mail.svg
browser-themes-shared-icons-menu-badged-svg.patch - browser/themes/shared/icons/menu-badged.svg
browser-themes-shared-icons-menu-svg.patch - browser/themes/shared/icons/menu.svg
browser-themes-shared-icons-new-tab-svg.patch - browser/themes/shared/icons/new-tab.svg
browser-themes-shared-icons-open-svg.patch - browser/themes/shared/icons/open.svg
browser-themes-shared-icons-pin-tab-svg.patch - browser/themes/shared/icons/pin-tab.svg
browser-themes-shared-icons-privateBrowsing-svg.patch - browser/themes/shared/icons/privateBrowsing.svg
browser-themes-shared-icons-quit-svg.patch - browser/themes/shared/icons/quit.svg
browser-themes-shared-icons-reader-mode-svg.patch - browser/themes/shared/icons/reader-mode.svg
browser-themes-shared-icons-reload-svg.patch - browser/themes/shared/icons/reload.svg
browser-themes-shared-icons-restore-session-svg.patch - browser/themes/shared/icons/restore-session.svg
browser-themes-shared-icons-save-svg.patch - browser/themes/shared/icons/save.svg
browser-themes-shared-icons-screenshot-svg.patch - browser/themes/shared/icons/screenshot.svg
browser-themes-shared-icons-send-to-device-svg.patch - browser/themes/shared/icons/send-to-device.svg
browser-themes-shared-icons-sidebars-right-svg.patch - browser/themes/shared/icons/sidebars-right.svg
browser-themes-shared-icons-sidebars-svg.patch - browser/themes/shared/icons/sidebars.svg
browser-themes-shared-icons-stop-svg.patch - browser/themes/shared/icons/stop.svg
browser-themes-shared-icons-sync-svg.patch - browser/themes/shared/icons/sync.svg
browser-themes-shared-icons-tab-svg.patch - browser/themes/shared/icons/tab.svg
browser-themes-shared-icons-unpin-tab-svg.patch - browser/themes/shared/icons/unpin-tab.svg
browser-themes-shared-icons-whatsnew-svg.patch - browser/themes/shared/icons/whatsnew.svg
browser-themes-shared-icons-window-svg.patch - browser/themes/shared/icons/window.svg
browser-themes-shared-identity-block-identity-block-inc-css.patch - browser/themes/shared/identity-block/identity-block.inc.css
browser-themes-shared-identity-block-permissions-svg.patch - browser/themes/shared/identity-block/permissions.svg
browser-themes-shared-identity-block-tracking-protection-disabled-svg.patch - browser/themes/shared/identity-block/tracking-protection-disabled.svg
browser-themes-shared-identity-block-tracking-protection-svg.patch - browser/themes/shared/identity-block/tracking-protection.svg
browser-themes-shared-jar-inc-mn.patch - browser/themes/shared/jar.inc.mn
browser-themes-shared-menupanel-inc-css.patch - browser/themes/shared/menupanel.inc.css
browser-themes-shared-places-bookmarksMenu-svg.patch - browser/themes/shared/places/bookmarksMenu.svg
browser-themes-shared-places-bookmarksToolbar-svg.patch - browser/themes/shared/places/bookmarksToolbar.svg
browser-themes-shared-places-folder-svg.patch - browser/themes/shared/places/folder.svg
browser-themes-shared-places-history-svg.patch - browser/themes/shared/places/history.svg
browser-themes-shared-places-tag-svg.patch - browser/themes/shared/places/tag.svg
browser-themes-shared-tabs-inc-css.patch - browser/themes/shared/tabs.inc.css
browser-themes-shared-toolbarbutton-icons-inc-css.patch - browser/themes/shared/toolbarbutton-icons.inc.css
browser-themes-shared-toolbarbuttons-inc-css.patch - browser/themes/shared/toolbarbuttons.inc.css
browser-themes-shared-urlbar-searchbar-inc-css.patch - browser/themes/shared/urlbar-searchbar.inc.css
browser-themes-windows-browser-css.patch - browser/themes/windows/browser.css
browser-tools-mozscreenshots-mozscreenshots-extension-configurations-ControlCenter-jsm.patch - browser/tools/mozscreenshots/mozscreenshots/extension/configurations/ControlCenter.jsm
browser-tools-mozscreenshots-mozscreenshots-extension-configurations-LightweightThemes-jsm.patch - browser/tools/mozscreenshots/mozscreenshots/extension/configurations/LightweightThemes.jsm
build-appini_header-py.patch - build/appini_header.py
build-application-ini-in.patch - build/application.ini.in
build-moz-build.patch - build/moz.build
build-moz-configure-init-configure.patch - build/moz.configure/init.configure
build-variables-py.patch - build/variables.py
devtools-client-aboutdebugging-src-actions-runtimes-js.patch - devtools/client/aboutdebugging/src/actions/runtimes.js
devtools-client-themes-images-command-pick-svg.patch - devtools/client/themes/images/command-pick.svg
devtools-client-themes-images-debugging-addons-svg.patch - devtools/client/themes/images/debugging-addons.svg
devtools-client-themes-images-debugging-tabs-svg.patch - devtools/client/themes/images/debugging-tabs.svg
docshell-base-nsAboutRedirector-cpp.patch - docshell/base/nsAboutRedirector.cpp
docshell-build-components-conf.patch - docshell/build/components.conf
dom-base-Document-cpp.patch - dom/base/Document.cpp
dom-base-nsGlobalWindowOuter-cpp.patch - dom/base/nsGlobalWindowOuter.cpp
layout-base-PresShell-cpp.patch - layout/base/PresShell.cpp
modules-libpref-init-StaticPrefList-yaml.patch - modules/libpref/init/StaticPrefList.yaml
modules-libpref-moz-build.patch - modules/libpref/moz.build
netwerk-protocol-http-nsHttpHandler-cpp.patch - netwerk/protocol/http/nsHttpHandler.cpp
python-mozbuild-mozbuild-controller-building-py.patch - python/mozbuild/mozbuild/controller/building.py
services-settings-dumps-main-moz-build.patch - services/settings/dumps/main/moz.build
services-settings-dumps-main-search-config-json.patch - services/settings/dumps/main/search-config.json
services-settings-dumps-main-search-default-override-allowlist-json.patch - services/settings/dumps/main/search-default-override-allowlist.json
services-settings-dumps-main-top-sites-json.patch - services/settings/dumps/main/top-sites.json
toolkit-components-moz-build.patch - toolkit/components/moz.build
toolkit-components-search-SearchEngineSelector-jsm.patch - toolkit/components/search/SearchEngineSelector.jsm
toolkit-components-urlformatter-URLFormatter-jsm.patch - toolkit/components/urlformatter/URLFormatter.jsm
toolkit-content-aboutSupport-js.patch - toolkit/content/aboutSupport.js
toolkit-content-widgets-moz-input-box-js.patch - toolkit/content/widgets/moz-input-box.js
toolkit-modules-AppConstants-jsm.patch - toolkit/modules/AppConstants.jsm
toolkit-modules-LightweightThemeConsumer-jsm.patch - toolkit/modules/LightweightThemeConsumer.jsm
toolkit-modules-SubDialog-jsm.patch - toolkit/modules/SubDialog.jsm
toolkit-modules-Troubleshoot-jsm.patch - toolkit/modules/Troubleshoot.jsm
toolkit-modules-moz-build.patch - toolkit/modules/moz.build
toolkit-mozapps-extensions-LightweightThemeManager-jsm.patch - toolkit/mozapps/extensions/LightweightThemeManager.jsm
toolkit-mozapps-extensions-content-aboutaddons-js.patch - toolkit/mozapps/extensions/content/aboutaddons.js
toolkit-mozapps-extensions-internal-AddonSettings-jsm.patch - toolkit/mozapps/extensions/internal/AddonSettings.jsm
toolkit-mozapps-extensions-internal-XPIDatabase-jsm.patch - toolkit/mozapps/extensions/internal/XPIDatabase.jsm
toolkit-mozapps-extensions-internal-XPIProvider-jsm.patch - toolkit/mozapps/extensions/internal/XPIProvider.jsm
toolkit-themes-shared-extensions-category-discover-svg.patch - toolkit/themes/shared/extensions/category-discover.svg
toolkit-themes-shared-extensions-category-extensions-svg.patch - toolkit/themes/shared/extensions/category-extensions.svg
toolkit-themes-shared-extensions-category-themes-svg.patch - toolkit/themes/shared/extensions/category-themes.svg
toolkit-themes-shared-extensions-extension-svg.patch - toolkit/themes/shared/extensions/extension.svg
toolkit-themes-shared-extensions-extensionGeneric-svg.patch - toolkit/themes/shared/extensions/extensionGeneric.svg
toolkit-themes-shared-icons-add-svg.patch - toolkit/themes/shared/icons/add.svg
toolkit-themes-shared-icons-autoscroll-horizontal-svg.patch - toolkit/themes/shared/icons/autoscroll-horizontal.svg
toolkit-themes-shared-icons-autoscroll-vertical-svg.patch - toolkit/themes/shared/icons/autoscroll-vertical.svg
toolkit-themes-shared-icons-autoscroll-svg.patch - toolkit/themes/shared/icons/autoscroll.svg
toolkit-themes-shared-icons-check-svg.patch - toolkit/themes/shared/icons/check.svg
toolkit-themes-shared-icons-close-svg.patch - toolkit/themes/shared/icons/close.svg
toolkit-themes-shared-icons-defaultFavicon-svg.patch - toolkit/themes/shared/icons/defaultFavicon.svg
toolkit-themes-shared-icons-delete-svg.patch - toolkit/themes/shared/icons/delete.svg
toolkit-themes-shared-icons-folder-svg.patch - toolkit/themes/shared/icons/folder.svg
toolkit-themes-shared-icons-info-filled-svg.patch - toolkit/themes/shared/icons/info-filled.svg
toolkit-themes-shared-icons-info-svg.patch - toolkit/themes/shared/icons/info.svg
toolkit-themes-shared-icons-more-svg.patch - toolkit/themes/shared/icons/more.svg
toolkit-themes-shared-icons-open-in-new-svg.patch - toolkit/themes/shared/icons/open-in-new.svg
toolkit-themes-shared-icons-page-portrait-svg.patch - toolkit/themes/shared/icons/page-portrait.svg
toolkit-themes-shared-icons-print-svg.patch - toolkit/themes/shared/icons/print.svg
toolkit-themes-shared-icons-search-glass-svg.patch - toolkit/themes/shared/icons/search-glass.svg
toolkit-themes-shared-icons-security-broken-svg.patch - toolkit/themes/shared/icons/security-broken.svg
toolkit-themes-shared-icons-security-warning-svg.patch - toolkit/themes/shared/icons/security-warning.svg
toolkit-themes-shared-icons-security-svg.patch - toolkit/themes/shared/icons/security.svg
toolkit-themes-shared-icons-settings-svg.patch - toolkit/themes/shared/icons/settings.svg
toolkit-themes-shared-icons-update-icon-svg.patch - toolkit/themes/shared/icons/update-icon.svg
toolkit-themes-shared-in-content-common-inc-css.patch - toolkit/themes/shared/in-content/common.inc.css
toolkit-themes-shared-menu-scrolling-inc-css.patch - toolkit/themes/shared/menu-scrolling.inc.css
toolkit-xre-nsAppRunner-cpp.patch - toolkit/xre/nsAppRunner.cpp
